{"start": {"connected": [{"socket": 5, "local_host": "192.168.1.8", "local_port": 40142, "remote_host": "192.168.1.4", "remote_port": 5201}], "version": "iperf 3.16", "system_info": "Linux ubuntu 6.11.0-19-generic #19~24.04.1-Ubuntu SMP PREEMPT_DYNAMIC Mon Feb 17 11:51:52 UTC 2 x86_64", "timestamp": {"time": "Fri, 14 Mar 2025 13:04:16 GMT", "timesecs": 1741957456}, "connecting_to": {"host": "192.168.1.4", "port": 5201}, "cookie": "ltkevbvk4qhvgbw5pvp3ppnwl4bccolcmcan", "tcp_mss_default": 1448, "target_bitrate": 0, "fq_rate": 0, "sock_bufsize": 0, "sndbuf_actual": 16384, "rcvbuf_actual": 131072, "test_start": {"protocol": "TCP", "num_streams": 1, "blksize": 131072, "omit": 0, "duration": 10, "bytes": 0, "blocks": 0, "reverse": 0, "tos": 0, "target_bitrate": 0, "bidir": 0, "fqrate": 0}}, "intervals": [{"streams": [{"socket": 5, "start": 0, "end": 1.00029, "seconds": 1.000290036201477, "bytes": 55181312, "bits_per_second": 441322496.4994889, "retransmits": 0, "snd_cwnd": 2064848, "snd_wnd": 1989120, "rtt": 28729, "rttvar": 4843, "pmtu": 1500, "omitted": false, "sender": true}], "sum": {"start": 0, "end": 1.00029, "seconds": 1.000290036201477, "bytes": 55181312, "bits_per_second": 441322496.4994889, "retransmits": 0, "omitted": false, "sender": true}}, {"streams": [{"socket": 5, "start": 1.00029, "end": 2.001066, "seconds": 1.0007760524749756, "bytes": 57409536, "bits_per_second": 458920141.8880716, "retransmits": 0, "snd_cwnd": 2064848, "snd_wnd": 1989120, "rtt": 22404, "rttvar": 2805, "pmtu": 1500, "omitted": false, "sender": true}], "sum": {"start": 1.00029, "end": 2.001066, "seconds": 1.0007760524749756, "bytes": 57409536, "bits_per_second": 458920141.8880716, "retransmits": 0, "omitted": false, "sender": true}}, {"streams": [{"socket": 5, "start": 2.001066, "end": 3.001063, "seconds": 0.9999970197677612, "bytes": 58327040, "bits_per_second": 466617710.6291444, "retransmits": 0, "snd_cwnd": 2064848, "snd_wnd": 1952512, "rtt": 27960, "rttvar": 1379, "pmtu": 1500, "omitted": false, "sender": true}], "sum": {"start": 2.001066, "end": 3.001063, "seconds": 0.9999970197677612, "bytes": 58327040, "bits_per_second": 466617710.6291444, "retransmits": 0, "omitted": false, "sender": true}}, {"streams": [{"socket": 5, "start": 3.001063, "end": 4.000278, "seconds": 0.999215006828308, "bytes": 58458112, "bits_per_second": 468032298.1581854, "retransmits": 0, "snd_cwnd": 2064848, "snd_wnd": 1959040, "rtt": 22578, "rttvar": 3320, "pmtu": 1500, "omitted": false, "sender": true}], "sum": {"start": 3.001063, "end": 4.000278, "seconds": 0.999215006828308, "bytes": 58458112, "bits_per_second": 468032298.1581854, "retransmits": 0, "omitted": false, "sender": true}}, {"streams": [{"socket": 5, "start": 4.000278, "end": 5.000306, "seconds": 1.0000280141830444, "bytes": 56098816, "bits_per_second": 448777955.8521984, "retransmits": 0, "snd_cwnd": 2064848, "snd_wnd": 1931520, "rtt": 32865, "rttvar": 4820, "pmtu": 1500, "omitted": false, "sender": true}], "sum": {"start": 4.000278, "end": 5.000306, "seconds": 1.0000280141830444, "bytes": 56098816, "bits_per_second": 448777955.8521984, "retransmits": 0, "omitted": false, "sender": true}}, {"streams": [{"socket": 5, "start": 5.000306, "end": 6.000281, "seconds": 0.999975025653839, "bytes": 59244544, "bits_per_second": 473968189.04562247, "retransmits": 0, "snd_cwnd": 2064848, "snd_wnd": 1931520, "rtt": 27889, "rttvar": 2642, "pmtu": 1500, "omitted": false, "sender": true}], "sum": {"start": 5.000306, "end": 6.000281, "seconds": 0.999975025653839, "bytes": 59244544, "bits_per_second": 473968189.04562247, "retransmits": 0, "omitted": false, "sender": true}}, {"streams": [{"socket": 5, "start": 6.000281, "end": 7.000282, "seconds": 1.0000009536743164, "bytes": 56623104, "bits_per_second": 452984400.000412, "retransmits": 0, "snd_cwnd": 2064848, "snd_wnd": 1981312, "rtt": 30511, "rttvar": 2929, "pmtu": 1500, "omitted": false, "sender": true}], "sum": {"start": 6.000281, "end": 7.000282, "seconds": 1.0000009536743164, "bytes": 56623104, "bits_per_second": 452984400.000412, "retransmits": 0, "omitted": false, "sender": true}}, {"streams": [{"socket": 5, "start": 7.000282, "end": 8.000267, "seconds": 0.9999849796295166, "bytes": 58327040, "bits_per_second": 466623328.85527563, "retransmits": 0, "snd_cwnd": 2064848, "snd_wnd": 1989120, "rtt": 31677, "rttvar": 3118, "pmtu": 1500, "omitted": false, "sender": true}], "sum": {"start": 7.000282, "end": 8.000267, "seconds": 0.9999849796295166, "bytes": 58327040, "bits_per_second": 466623328.85527563, "retransmits": 0, "omitted": false, "sender": true}}, {"streams": [{"socket": 5, "start": 8.000267, "end": 9.001093, "seconds": 1.0008260011672974, "bytes": 57409536, "bits_per_second": 458897238.34545714, "retransmits": 0, "snd_cwnd": 2064848, "snd_wnd": 1989120, "rtt": 18203, "rttvar": 4323, "pmtu": 1500, "omitted": false, "sender": true}], "sum": {"start": 8.000267, "end": 9.001093, "seconds": 1.0008260011672974, "bytes": 57409536, "bits_per_second": 458897238.34545714, "retransmits": 0, "omitted": false, "sender": true}}, {"streams": [{"socket": 5, "start": 9.001093, "end": 10.001602, "seconds": 1.0005090236663818, "bytes": 53608448, "bits_per_second": 428649391.3152404, "retransmits": 0, "snd_cwnd": 2064848, "snd_wnd": 1931520, "rtt": 40924, "rttvar": 8194, "pmtu": 1500, "omitted": false, "sender": true}], "sum": {"start": 9.001093, "end": 10.001602, "seconds": 1.0005090236663818, "bytes": 53608448, "bits_per_second": 428649391.3152404, "retransmits": 0, "omitted": false, "sender": true}}], "end": {"streams": [{"sender": {"socket": 5, "start": 0, "end": 10.001602, "seconds": 10.001602, "bytes": 570687488, "bits_per_second": 456476862.8065784, "retransmits": 0, "max_snd_cwnd": 2064848, "max_snd_wnd": 1989120, "max_rtt": 40924, "min_rtt": 18203, "mean_rtt": 28374, "sender": true}, "receiver": {"socket": 5, "start": 0, "end": 10.023346, "seconds": 10.001602, "bytes": 568983552, "bits_per_second": 454126637.55197114, "sender": true}}], "sum_sent": {"start": 0, "end": 10.001602, "seconds": 10.001602, "bytes": 570687488, "bits_per_second": 456476862.8065784, "retransmits": 0, "sender": true}, "sum_received": {"start": 0, "end": 10.023346, "seconds": 10.023346, "bytes": 568983552, "bits_per_second": 454126637.55197114, "sender": true}, "cpu_utilization_percent": {"host_total": 2.4797226931000145, "host_user": 0.02872460110527476, "host_system": 2.4509885899765114, "remote_total": 8.153609522687386, "remote_user": 0.49017353312337775, "remote_system": 7.66346591956074}, "sender_tcp_congestion": "cubic", "receiver_tcp_congestion": "cubic"}}
